text_k1,text_b,text_w,title_w,anchor_w,pr_w,pv_w,query,duration,quality
0.1,0,0,0.1,0,0,0,Human Genome Project DNA mapping,2.897585392,0.25
0.1,0,0,0.1,0,0,0,Italian pasta varieties and recipes,2.071120739,0.00
0.1,0,0,0.1,0,0,0,Street food around the world,3.536757231,0.09
0.1,0,0,0.1,0,0,0,Surrealism art Salvador Dalí,2.268452406,0.28
0.1,0,0,0.1,0,0,0,Mediterranean diet health benefits,2.167948008,0.07
0.1,0,0,0.1,0,0,0,Civil Rights Movement 1960s protests,3.599513292,0.30
0.1,0,0,0.1,0,0,0,Manhattan Project atomic bomb,1.849865675,0.13
0.1,0,0,0.1,0,0,0,Cheese types and production,1.58184123,0.11
0.1,0,0,0.1,0,0,0,Anime history Japan Studio Ghibli,2.825367689,0.12
0.1,0,0,0.1,0,0,0,Berlin Wall fall reunification,2.112426281,0.15
0.1,0,0,0.1,0,0,0,Sushi origins Japan,1.583082199,0.00
0.1,0,0,0.1,0,0,0,World War I causes consequences,4.187241554,0.12
0.1,0,0,0.1,0,0,0,Higgs Boson discovery physics,1.79391551,0.11
0.1,0,0,0.1,0,0,0,Golden Age of Hollywood films,3.293667793,0.13
0.1,0,0,0.1,0,0,0,Byzantine Empire Constantinople history,1.377185822,0.29
0.1,0,0,0.1,0,0,0,Turing Machine early computing,2.038337231,0.13
0.1,0,0,0.1,0,0,0,Theory of Relativity Einstein,1.360611916,0.23
0.1,0,0,0.1,0,0,0,Mobile phone technology evolution,1.760821581,0.14
0.1,0,0,0.1,0,0,0,History of chocolate production,1.055413485,0.00
0.1,0,0,0.1,0,0,0,Apollo 11 moon landing 1969,2.199669123,0.16
0.1,0,0,0.1,0,0,0,Gothic architecture medieval cathedrals,1.57612443,0.52
0.1,0,0,0.1,0,0,0,Russian Revolution 1917 Bolsheviks,1.795132637,0.00
0.1,0,0,0.1,0,0,0,Academy Awards history Oscars,3.295997143,0.00
0.1,0,0,0.1,0,0,0,Fermentation food preservation techniques,1.72567749,0.19
0.1,0,0,0.1,0,0,0,History of pizza Italian cuisine,1.75842452,0.08
0.1,0,0,0.1,0,0,0,French cuisine traditional dishes,1.859487057,0.08
0.1,0,0,0.1,0,0,0,Endangered species conservation efforts,2.150392056,0.10
0.1,0,0,0.1,0,0,0,Greek mythology Western culture,2.272157192,0.23
0.1,0,0,0.1,0,0,0,Cold War proxy conflicts,2.656038284,0.14
0.1,0,0,0.1,0,0,0,Nelson Mandela apartheid biography,1.625350952,0.30
0.1,0,0,0.35,0,0,0,Human Genome Project DNA mapping,2.194533587,0.25
0.1,0,0,0.35,0,0,0,Italian pasta varieties and recipes,1.736675024,0.00
0.1,0,0,0.35,0,0,0,Street food around the world,3.528769255,0.09
0.1,0,0,0.35,0,0,0,Surrealism art Salvador Dalí,2.401585579,0.28
0.1,0,0,0.35,0,0,0,Mediterranean diet health benefits,1.784944057,0.07
0.1,0,0,0.35,0,0,0,Civil Rights Movement 1960s protests,3.257845163,0.30
0.1,0,0,0.35,0,0,0,Manhattan Project atomic bomb,1.557862282,0.13
0.1,0,0,0.35,0,0,0,Cheese types and production,1.487686396,0.11
0.1,0,0,0.35,0,0,0,Anime history Japan Studio Ghibli,2.86007905,0.12
0.1,0,0,0.35,0,0,0,Berlin Wall fall reunification,1.889259338,0.15
0.1,0,0,0.35,0,0,0,Sushi origins Japan,1.49844408,0.00
0.1,0,0,0.35,0,0,0,World War I causes consequences,4.284044743,0.12
0.1,0,0,0.35,0,0,0,Higgs Boson discovery physics,1.86657548,0.11
0.1,0,0,0.35,0,0,0,Golden Age of Hollywood films,3.388984442,0.13
0.1,0,0,0.35,0,0,0,Byzantine Empire Constantinople history,1.351614475,0.29
0.1,0,0,0.35,0,0,0,Turing Machine early computing,2.033488274,0.13
0.1,0,0,0.35,0,0,0,Theory of Relativity Einstein,1.187462807,0.23
0.1,0,0,0.35,0,0,0,Mobile phone technology evolution,1.791200161,0.14
0.1,0,0,0.35,0,0,0,History of chocolate production,1.187284708,0.00
0.1,0,0,0.35,0,0,0,Apollo 11 moon landing 1969,2.216043711,0.16
0.1,0,0,0.35,0,0,0,Gothic architecture medieval cathedrals,1.562112808,0.52
0.1,0,0,0.35,0,0,0,Russian Revolution 1917 Bolsheviks,1.827353477,0.00
0.1,0,0,0.35,0,0,0,Academy Awards history Oscars,3.380782843,0.00
0.1,0,0,0.35,0,0,0,Fermentation food preservation techniques,1.509889364,0.19
0.1,0,0,0.35,0,0,0,History of pizza Italian cuisine,1.571382046,0.08
0.1,0,0,0.35,0,0,0,French cuisine traditional dishes,1.861178398,0.08
0.1,0,0,0.35,0,0,0,Endangered species conservation efforts,2.341543674,0.10
0.1,0,0,0.35,0,0,0,Greek mythology Western culture,2.255913496,0.23
0.1,0,0,0.35,0,0,0,Cold War proxy conflicts,2.539401293,0.14
0.1,0,0,0.35,0,0,0,Nelson Mandela apartheid biography,1.657119036,0.30
0.1,0,0,0.6,0,0,0,Human Genome Project DNA mapping,1.803417206,0.25
0.1,0,0,0.6,0,0,0,Italian pasta varieties and recipes,1.720430374,0.00
0.1,0,0,0.6,0,0,0,Street food around the world,3.28937459,0.09
0.1,0,0,0.6,0,0,0,Surrealism art Salvador Dalí,2.203680277,0.28
0.1,0,0,0.6,0,0,0,Mediterranean diet health benefits,1.952273369,0.07
0.1,0,0,0.6,0,0,0,Civil Rights Movement 1960s protests,3.194295645,0.30
0.1,0,0,0.6,0,0,0,Manhattan Project atomic bomb,1.477049828,0.13
0.1,0,0,0.6,0,0,0,Cheese types and production,1.246620178,0.11
0.1,0,0,0.6,0,0,0,Anime history Japan Studio Ghibli,2.646017551,0.12
0.1,0,0,0.6,0,0,0,Berlin Wall fall reunification,1.847785473,0.15
0.1,0,0,0.6,0,0,0,Sushi origins Japan,1.317547321,0.00
0.1,0,0,0.6,0,0,0,World War I causes consequences,4.02849412,0.12
0.1,0,0,0.6,0,0,0,Higgs Boson discovery physics,1.515891314,0.11
0.1,0,0,0.6,0,0,0,Golden Age of Hollywood films,3.236627817,0.13
0.1,0,0,0.6,0,0,0,Byzantine Empire Constantinople history,1.270478249,0.29
0.1,0,0,0.6,0,0,0,Turing Machine early computing,1.895060539,0.13
0.1,0,0,0.6,0,0,0,Theory of Relativity Einstein,1.28514719,0.23
0.1,0,0,0.6,0,0,0,Mobile phone technology evolution,1.705845833,0.14
0.1,0,0,0.6,0,0,0,History of chocolate production,0.929471731,0.00
0.1,0,0,0.6,0,0,0,Apollo 11 moon landing 1969,2.112139702,0.16
0.1,0,0,0.6,0,0,0,Gothic architecture medieval cathedrals,1.607533693,0.52
0.1,0,0,0.6,0,0,0,Russian Revolution 1917 Bolsheviks,1.790952682,0.00
0.1,0,0,0.6,0,0,0,Academy Awards history Oscars,3.287593603,0.00
0.1,0,0,0.6,0,0,0,Fermentation food preservation techniques,1.359263182,0.19
0.1,0,0,0.6,0,0,0,History of pizza Italian cuisine,1.345952511,0.08
0.1,0,0,0.1,0,0,0,Human Genome Project DNA mapping,2.215827942,0.25
0.1,0,0,0.1,0,0,0,Italian pasta varieties and recipes,1.786426067,0.00
0.1,0,0,0.1,0,0,0,Street food around the world,3.309076786,0.09
0.1,0,0,0.1,0,0,0,Surrealism art Salvador Dalí,2.075650692,0.28
0.1,0,0,0.1,0,0,0,Mediterranean diet health benefits,1.8389256,0.07
0.1,0,0,0.1,0,0,0,Civil Rights Movement 1960s protests,3.36874795,0.30
0.1,0,0,0.1,0,0,0,Manhattan Project atomic bomb,1.524994135,0.13
0.1,0,0,0.1,0,0,0,Cheese types and production,1.256478071,0.11
0.1,0,0,0.1,0,0,0,Anime history Japan Studio Ghibli,2.55734849,0.12
0.1,0,0,0.1,0,0,0,Berlin Wall fall reunification,1.826652527,0.15
0.1,0,0,0.1,0,0,0,Sushi origins Japan,1.357828856,0.00
0.1,0,0,0.1,0,0,0,World War I causes consequences,4.066859961,0.12
0.1,0,0,0.1,0,0,0,Higgs Boson discovery physics,1.762130976,0.11
0.1,0,0,0.1,0,0,0,Golden Age of Hollywood films,3.067477465,0.13
0.1,0,0,0.1,0,0,0,Byzantine Empire Constantinople history,1.300727367,0.29
0.1,0,0,0.1,0,0,0,Turing Machine early computing,1.839678764,0.13
0.1,0,0,0.1,0,0,0,Theory of Relativity Einstein,1.103377819,0.23
0.1,0,0,0.1,0,0,0,Mobile phone technology evolution,1.695376396,0.14
0.1,0,0,0.1,0,0,0,History of chocolate production,0.959898949,0.00
0.1,0,0,0.1,0,0,0,Apollo 11 moon landing 1969,2.001869917,0.16
0.1,0,0,0.1,0,0,0,Gothic architecture medieval cathedrals,1.450357199,0.52
0.1,0,0,0.1,0,0,0,Russian Revolution 1917 Bolsheviks,1.601235151,0.00
0.1,0,0,0.1,0,0,0,Academy Awards history Oscars,2.965250492,0.00
0.1,0,0,0.1,0,0,0,Fermentation food preservation techniques,1.416167498,0.19
0.1,0,0,0.1,0,0,0,History of pizza Italian cuisine,1.362632275,0.08
0.1,0,0,0.1,0,0,0,French cuisine traditional dishes,1.789343834,0.08
0.1,0,0,0.1,0,0,0,Endangered species conservation efforts,2.054613829,0.10
0.1,0,0,0.1,0,0,0,Greek mythology Western culture,2.185387611,0.23
0.1,0,0,0.1,0,0,0,Cold War proxy conflicts,2.424248219,0.14
0.1,0,0,0.1,0,0,0,Nelson Mandela apartheid biography,1.535411596,0.30
0.1,0,0,0.35,0,0,0,Human Genome Project DNA mapping,1.696944475,0.25
0.1,0,0,0.35,0,0,0,Italian pasta varieties and recipes,1.674524307,0.00
0.1,0,0,0.35,0,0,0,Street food around the world,3.018776417,0.09
0.1,0,0,0.35,0,0,0,Surrealism art Salvador Dalí,1.947742939,0.28
0.1,0,0,0.35,0,0,0,Mediterranean diet health benefits,1.723712683,0.07
0.1,0,0,0.35,0,0,0,Civil Rights Movement 1960s protests,3.054713726,0.30
0.1,0,0,0.35,0,0,0,Manhattan Project atomic bomb,1.414205313,0.13
0.1,0,0,0.35,0,0,0,Cheese types and production,1.316092014,0.11
0.1,0,0,0.35,0,0,0,Anime history Japan Studio Ghibli,2.43890357,0.12
0.1,0,0,0.35,0,0,0,Berlin Wall fall reunification,1.783112764,0.15
0.1,0,0,0.35,0,0,0,Sushi origins Japan,1.363316536,0.00
0.1,0,0,0.35,0,0,0,World War I causes consequences,3.844865561,0.12
0.1,0,0,0.35,0,0,0,Higgs Boson discovery physics,1.411667824,0.11
0.1,0,0,0.35,0,0,0,Golden Age of Hollywood films,3.025347233,0.13
0.1,0,0,0.35,0,0,0,Byzantine Empire Constantinople history,1.207721472,0.29
0.1,0,0,0.35,0,0,0,Turing Machine early computing,1.747804642,0.13
0.1,0,0,0.35,0,0,0,Theory of Relativity Einstein,1.211234808,0.23
0.1,0,0,0.35,0,0,0,Mobile phone technology evolution,1.525926113,0.14
0.1,0,0,0.35,0,0,0,History of chocolate production,1.003948927,0.00
0.1,0,0,0.35,0,0,0,Apollo 11 moon landing 1969,1.912766695,0.16
0.1,0,0,0.35,0,0,0,Gothic architecture medieval cathedrals,1.52927494,0.52
0.1,0,0,0.35,0,0,0,Russian Revolution 1917 Bolsheviks,1.836206913,0.00
0.1,0,0,0.35,0,0,0,Academy Awards history Oscars,3.038183689,0.00
0.1,0,0,0.35,0,0,0,Fermentation food preservation techniques,1.323666334,0.19
0.1,0,0,0.35,0,0,0,History of pizza Italian cuisine,1.34071517,0.08
0.1,0,0,0.35,0,0,0,French cuisine traditional dishes,2.176602602,0.08
0.1,0,0,0.35,0,0,0,Endangered species conservation efforts,1.860955,0.10
0.1,0,0,0.35,0,0,0,Greek mythology Western culture,1.994181156,0.23
0.1,0,0,0.35,0,0,0,Cold War proxy conflicts,2.378002167,0.14
0.1,0,0,0.35,0,0,0,Nelson Mandela apartheid biography,1.574788332,0.30
0.1,0,0,0.6,0,0,0,Human Genome Project DNA mapping,1.814986467,0.25
0.1,0,0,0.6,0,0,0,Italian pasta varieties and recipes,1.54687953,0.00
0.1,0,0,0.6,0,0,0,Street food around the world,3.143973827,0.09
0.1,0,0,0.6,0,0,0,Surrealism art Salvador Dalí,1.927379131,0.28
0.1,0,0,0.6,0,0,0,Mediterranean diet health benefits,1.608820438,0.07
0.1,0,0,0.6,0,0,0,Civil Rights Movement 1960s protests,2.880403996,0.30
0.1,0,0,0.6,0,0,0,Manhattan Project atomic bomb,1.386402845,0.13
0.1,0,0,0.6,0,0,0,Cheese types and production,1.279893875,0.11
0.1,0,0,0.6,0,0,0,Anime history Japan Studio Ghibli,2.30948472,0.12
0.1,0,0,0.6,0,0,0,Berlin Wall fall reunification,1.694167137,0.15
0.1,0,0,0.6,0,0,0,Sushi origins Japan,1.268043995,0.00
0.1,0,0,0.6,0,0,0,World War I causes consequences,3.719886303,0.12
0.1,0,0,0.6,0,0,0,Higgs Boson discovery physics,1.392425537,0.11
0.1,0,0,0.6,0,0,0,Golden Age of Hollywood films,2.990104675,0.13
0.1,0,0,0.6,0,0,0,Byzantine Empire Constantinople history,1.121798515,0.29
0.1,0,0,0.6,0,0,0,Turing Machine early computing,1.678848267,0.13
0.1,0,0,0.6,0,0,0,Theory of Relativity Einstein,1.076553106,0.23
0.1,0,0,0.6,0,0,0,Mobile phone technology evolution,1.530001879,0.14
0.1,0,0,0.6,0,0,0,History of chocolate production,0.86803174,0.00
0.1,0,0,0.6,0,0,0,Apollo 11 moon landing 1969,1.841338634,0.16
0.1,0,0,0.6,0,0,0,Gothic architecture medieval cathedrals,1.390485525,0.52
0.1,0,0,0.6,0,0,0,Russian Revolution 1917 Bolsheviks,1.449326754,0.00
0.1,0,0,0.6,0,0,0,Academy Awards history Oscars,3.174367428,0.00
0.1,0,0,0.6,0,0,0,Fermentation food preservation techniques,1.334760427,0.19
0.1,0,0,0.6,0,0,0,History of pizza Italian cuisine,1.197807074,0.08
0.5,0.5,0,0.1,0,0.2,0.2,Human Genome Project DNA mapping,2.956943512,0.27
0.5,0.5,0,0.1,0,0.2,0.2,Italian pasta varieties and recipes,2.30292654,0.00
0.5,0.5,0,0.1,0,0.2,0.2,Street food around the world,3.806496382,0.07
0.5,0.5,0,0.1,0,0.2,0.2,Surrealism art Salvador Dalí,2.401353598,0.24
0.5,0.5,0,0.1,0,0.2,0.2,Mediterranean diet health benefits,2.145869255,0.07
0.5,0.5,0,0.1,0,0.2,0.2,Civil Rights Movement 1960s protests,3.547356606,0.30
0.5,0.5,0,0.1,0,0.2,0.2,Manhattan Project atomic bomb,1.954338789,0.14
0.5,0.5,0,0.1,0,0.2,0.2,Cheese types and production,1.704375029,0.16
0.5,0.5,0,0.1,0,0.2,0.2,Anime history Japan Studio Ghibli,2.832340479,0.09
0.5,0.5,0,0.1,0,0.2,0.2,Berlin Wall fall reunification,2.022612333,0.10
0.5,0.5,0,0.1,0,0.2,0.2,Sushi origins Japan,1.468798161,0.00
0.5,0.5,0,0.1,0,0.2,0.2,World War I causes consequences,4.15275979,0.25
0.5,0.5,0,0.1,0,0.2,0.2,Higgs Boson discovery physics,1.795958757,0.19
0.5,0.5,0,0.1,0,0.2,0.2,Golden Age of Hollywood films,3.349396467,0.14
0.5,0.5,0,0.1,0,0.2,0.2,Byzantine Empire Constantinople history,1.294674873,0.47
0.5,0.5,0,0.1,0,0.2,0.2,Turing Machine early computing,2.201930761,0.20
0.5,0.5,0,0.1,0,0.2,0.2,Theory of Relativity Einstein,1.495285034,0.23
0.5,0.5,0,0.1,0,0.2,0.2,Mobile phone technology evolution,1.898486614,0.19
0.5,0.5,0,0.1,0,0.2,0.2,History of chocolate production,1.091175318,0.12
0.5,0.5,0,0.1,0,0.2,0.2,Apollo 11 moon landing 1969,2.26057148,0.10
0.5,0.5,0,0.1,0,0.2,0.2,Gothic architecture medieval cathedrals,1.749783516,0.27
0.5,0.5,0,0.1,0,0.2,0.2,Russian Revolution 1917 Bolsheviks,1.910014153,0.23
0.5,0.5,0,0.1,0,0.2,0.2,Academy Awards history Oscars,3.354678154,0.41
0.5,0.5,0,0.1,0,0.2,0.2,Fermentation food preservation techniques,1.883778334,0.19
0.5,0.5,0,0.1,0,0.2,0.2,History of pizza Italian cuisine,1.671855688,0.16
0.5,0.5,0,0.1,0,0.2,0.2,French cuisine traditional dishes,1.951252699,0.08
0.5,0.5,0,0.1,0,0.2,0.2,Endangered species conservation efforts,2.349226475,0.00
0.5,0.5,0,0.1,0,0.2,0.2,Greek mythology Western culture,2.299561739,0.19
0.5,0.5,0,0.1,0,0.2,0.2,Cold War proxy conflicts,2.690905333,0.15
0.5,0.5,0,0.1,0,0.2,0.2,Nelson Mandela apartheid biography,1.669258118,0.15
0.5,0.5,0,0.35,0,0.2,0.2,Human Genome Project DNA mapping,2.17792058,0.37
0.5,0.5,0,0.35,0,0.2,0.2,Italian pasta varieties and recipes,1.78028965,0.00
0.5,0.5,0,0.35,0,0.2,0.2,Street food around the world,3.385575533,0.11
0.5,0.5,0,0.35,0,0.2,0.2,Surrealism art Salvador Dalí,2.217368364,0.30
0.5,0.5,0,0.35,0,0.2,0.2,Mediterranean diet health benefits,2.070365667,0.08
0.5,0.5,0,0.35,0,0.2,0.2,Civil Rights Movement 1960s protests,3.580632925,0.39
0.5,0.5,0,0.35,0,0.2,0.2,Manhattan Project atomic bomb,1.774818659,0.35
0.5,0.5,0,0.35,0,0.2,0.2,Cheese types and production,1.363292694,0.55
0.5,0.5,0,0.35,0,0.2,0.2,Anime history Japan Studio Ghibli,2.872219324,0.14
0.5,0.5,0,0.35,0,0.2,0.2,Berlin Wall fall reunification,1.999863863,0.25
0.5,0.5,0,0.35,0,0.2,0.2,Sushi origins Japan,1.503501654,0.00
0.5,0.5,0,0.35,0,0.2,0.2,World War I causes consequences,4.208291292,0.29
0.5,0.5,0,0.35,0,0.2,0.2,Higgs Boson discovery physics,1.819571733,0.19
0.5,0.5,0,0.35,0,0.2,0.2,Golden Age of Hollywood films,3.509038687,0.16
0.5,0.5,0,0.35,0,0.2,0.2,Byzantine Empire Constantinople history,1.241809368,0.47
0.5,0.5,0,0.35,0,0.2,0.2,Turing Machine early computing,1.882931232,0.24
0.5,0.5,0,0.35,0,0.2,0.2,Theory of Relativity Einstein,1.410436392,0.23
0.5,0.5,0,0.35,0,0.2,0.2,Mobile phone technology evolution,1.80587697,0.23
0.5,0.5,0,0.35,0,0.2,0.2,History of chocolate production,0.9936831,0.12
0.5,0.5,0,0.35,0,0.2,0.2,Apollo 11 moon landing 1969,2.312374115,0.23
0.5,0.5,0,0.35,0,0.2,0.2,Gothic architecture medieval cathedrals,1.626536846,0.63
0.5,0.5,0,0.35,0,0.2,0.2,Russian Revolution 1917 Bolsheviks,1.836671352,0.25
0.5,0.5,0,0.35,0,0.2,0.2,Academy Awards history Oscars,3.38940382,0.56
0.5,0.5,0,0.35,0,0.2,0.2,Fermentation food preservation techniques,1.975152969,0.22
0.5,0.5,0,0.35,0,0.2,0.2,History of pizza Italian cuisine,1.448083639,0.16
0.5,0.5,0,0.35,0,0.2,0.2,French cuisine traditional dishes,1.889717579,0.08
0.5,0.5,0,0.35,0,0.2,0.2,Endangered species conservation efforts,2.110375166,0.22
0.5,0.5,0,0.35,0,0.2,0.2,Greek mythology Western culture,2.173238754,0.27
0.5,0.5,0,0.35,0,0.2,0.2,Cold War proxy conflicts,2.517009497,0.37
0.5,0.5,0,0.35,0,0.2,0.2,Nelson Mandela apartheid biography,1.651210785,0.37
0.5,0.5,0,0.6,0,0.2,0.2,Human Genome Project DNA mapping,2.056604624,0.37
0.5,0.5,0,0.6,0,0.2,0.2,Italian pasta varieties and recipes,1.781119585,0.00
0.5,0.5,0,0.6,0,0.2,0.2,Street food around the world,3.089221478,0.11
0.5,0.5,0,0.6,0,0.2,0.2,Surrealism art Salvador Dalí,2.1542871,0.30
0.5,0.5,0,0.6,0,0.2,0.2,Mediterranean diet health benefits,1.791640997,0.08
0.5,0.5,0,0.6,0,0.2,0.2,Civil Rights Movement 1960s protests,2.989293098,0.39
0.5,0.5,0,0.6,0,0.2,0.2,Manhattan Project atomic bomb,1.569016695,0.35
0.5,0.5,0,0.6,0,0.2,0.2,Cheese types and production,1.530585527,0.61
0.5,0.5,0,0.6,0,0.2,0.2,Anime history Japan Studio Ghibli,2.573515177,0.14
0.5,0.5,0,0.6,0,0.2,0.2,Berlin Wall fall reunification,1.956125498,0.25
0.5,0.5,0,0.6,0,0.2,0.2,Sushi origins Japan,1.3816607,0.00
0.5,0.5,0,0.6,0,0.2,0.2,World War I causes consequences,3.953953505,0.29
0.5,0.5,0,0.6,0,0.2,0.2,Higgs Boson discovery physics,1.677694082,0.19
0.5,0.5,0,0.6,0,0.2,0.2,Golden Age of Hollywood films,3.080521107,0.16
0.5,0.5,0,0.6,0,0.2,0.2,Byzantine Empire Constantinople history,1.229880333,0.47
0.5,0.5,0,0.6,0,0.2,0.2,Turing Machine early computing,1.806005955,0.24
0.5,0.5,0,0.6,0,0.2,0.2,Theory of Relativity Einstein,1.235053778,0.23
0.5,0.5,0,0.6,0,0.2,0.2,Mobile phone technology evolution,1.812242031,0.23
0.5,0.5,0,0.6,0,0.2,0.2,History of chocolate production,1.038131237,0.12
0.5,0.5,0,0.6,0,0.2,0.2,Apollo 11 moon landing 1969,1.979671717,0.23
0.5,0.5,0,0.6,0,0.2,0.2,Gothic architecture medieval cathedrals,1.61755681,0.63
0.5,0.5,0,0.6,0,0.2,0.2,Russian Revolution 1917 Bolsheviks,1.68840456,0.25
0.5,0.5,0,0.6,0,0.2,0.2,Academy Awards history Oscars,3.248658419,0.56
0.5,0.5,0,0.6,0,0.2,0.2,Fermentation food preservation techniques,1.604030371,0.23
0.5,0.5,0,0.6,0,0.2,0.2,History of pizza Italian cuisine,1.190105677,0.16
1.2,0.5,0.6,0.1,0,0.2,0.2,Human Genome Project DNA mapping,2.350224972,0.41
1.2,0.5,0.6,0.1,0,0.2,0.2,Italian pasta varieties and recipes,1.692320585,0.09
1.2,0.5,0.6,0.1,0,0.2,0.2,Street food around the world,3.310046434,0.00
1.2,0.5,0.6,0.1,0,0.2,0.2,Surrealism art Salvador Dalí,2.042589664,0.31
1.2,0.5,0.6,0.1,0,0.2,0.2,Mediterranean diet health benefits,1.796807766,0.14
1.2,0.5,0.6,0.1,0,0.2,0.2,Civil Rights Movement 1960s protests,3.279598236,0.04
1.2,0.5,0.6,0.1,0,0.2,0.2,Manhattan Project atomic bomb,1.546397924,0.23
1.2,0.5,0.6,0.1,0,0.2,0.2,Cheese types and production,1.490927458,0.38
1.2,0.5,0.6,0.1,0,0.2,0.2,Anime history Japan Studio Ghibli,2.556915522,0.09
1.2,0.5,0.6,0.1,0,0.2,0.2,Berlin Wall fall reunification,1.848456144,0.07
1.2,0.5,0.6,0.1,0,0.2,0.2,Sushi origins Japan,1.396909714,0.14
1.2,0.5,0.6,0.1,0,0.2,0.2,World War I causes consequences,3.911468267,0.00
1.2,0.5,0.6,0.1,0,0.2,0.2,Higgs Boson discovery physics,1.532578707,0.32
1.2,0.5,0.6,0.1,0,0.2,0.2,Golden Age of Hollywood films,2.973577738,0.04
1.2,0.5,0.6,0.1,0,0.2,0.2,Byzantine Empire Constantinople history,1.375280619,0.51
1.2,0.5,0.6,0.1,0,0.2,0.2,Turing Machine early computing,1.775644779,0.20
1.2,0.5,0.6,0.1,0,0.2,0.2,Theory of Relativity Einstein,1.216005325,0.37
1.2,0.5,0.6,0.1,0,0.2,0.2,Mobile phone technology evolution,1.740906954,0.00
1.2,0.5,0.6,0.1,0,0.2,0.2,History of chocolate production,1.105402946,0.21
1.2,0.5,0.6,0.1,0,0.2,0.2,Apollo 11 moon landing 1969,2.144522667,0.07
1.2,0.5,0.6,0.1,0,0.2,0.2,Gothic architecture medieval cathedrals,1.386189938,0.44
1.2,0.5,0.6,0.1,0,0.2,0.2,Russian Revolution 1917 Bolsheviks,1.583414555,0.30
1.2,0.5,0.6,0.1,0,0.2,0.2,Academy Awards history Oscars,3.198982477,0.42
1.2,0.5,0.6,0.1,0,0.2,0.2,Fermentation food preservation techniques,1.589758873,0.22
1.2,0.5,0.6,0.1,0,0.2,0.2,History of pizza Italian cuisine,1.300087214,0.44
1.2,0.5,0.6,0.1,0,0.2,0.2,French cuisine traditional dishes,1.811794996,0.18
1.2,0.5,0.6,0.1,0,0.2,0.2,Endangered species conservation efforts,2.018936396,0.27
1.2,0.5,0.6,0.1,0,0.2,0.2,Greek mythology Western culture,2.288482428,0.07
1.2,0.5,0.6,0.1,0,0.2,0.2,Cold War proxy conflicts,2.577448368,0.30
1.2,0.5,0.6,0.1,0,0.2,0.2,Nelson Mandela apartheid biography,1.642901659,0.21
1.2,0.5,0.6,0.35,0,0.2,0.2,Human Genome Project DNA mapping,1.848062992,0.47
1.2,0.5,0.6,0.35,0,0.2,0.2,Italian pasta varieties and recipes,1.815705299,0.09
1.2,0.5,0.6,0.35,0,0.2,0.2,Street food around the world,3.182918787,0.08
1.2,0.5,0.6,0.35,0,0.2,0.2,Surrealism art Salvador Dalí,2.075978994,0.28
1.2,0.5,0.6,0.35,0,0.2,0.2,Mediterranean diet health benefits,1.541529655,0.16
1.2,0.5,0.6,0.35,0,0.2,0.2,Civil Rights Movement 1960s protests,3.160580397,0.30
1.2,0.5,0.6,0.35,0,0.2,0.2,Manhattan Project atomic bomb,1.432416916,0.26
1.2,0.5,0.6,0.35,0,0.2,0.2,Cheese types and production,1.412344694,0.47
1.2,0.5,0.6,0.35,0,0.2,0.2,Anime history Japan Studio Ghibli,2.638196468,0.14
1.2,0.5,0.6,0.35,0,0.2,0.2,Berlin Wall fall reunification,1.79297328,0.08
1.2,0.5,0.6,0.35,0,0.2,0.2,Sushi origins Japan,1.412764549,0.14
1.2,0.5,0.6,0.35,0,0.2,0.2,World War I causes consequences,4.265957832,0.17
1.2,0.5,0.6,0.35,0,0.2,0.2,Higgs Boson discovery physics,1.394007444,0.28
1.2,0.5,0.6,0.35,0,0.2,0.2,Golden Age of Hollywood films,2.920239449,0.12
1.2,0.5,0.6,0.35,0,0.2,0.2,Byzantine Empire Constantinople history,1.096001863,0.48
1.2,0.5,0.6,0.35,0,0.2,0.2,Turing Machine early computing,1.869282961,0.25
1.2,0.5,0.6,0.35,0,0.2,0.2,Theory of Relativity Einstein,1.123188019,0.29
1.2,0.5,0.6,0.35,0,0.2,0.2,Mobile phone technology evolution,1.479223728,0.13
1.2,0.5,0.6,0.35,0,0.2,0.2,History of chocolate production,0.93350172,0.21
1.2,0.5,0.6,0.35,0,0.2,0.2,Apollo 11 moon landing 1969,2.057702303,0.16
1.2,0.5,0.6,0.35,0,0.2,0.2,Gothic architecture medieval cathedrals,1.341097116,0.61
1.2,0.5,0.6,0.35,0,0.2,0.2,Russian Revolution 1917 Bolsheviks,1.627366781,0.25
1.2,0.5,0.6,0.35,0,0.2,0.2,Academy Awards history Oscars,3.129249811,0.59
1.2,0.5,0.6,0.35,0,0.2,0.2,Fermentation food preservation techniques,1.358520031,0.24
1.2,0.5,0.6,0.35,0,0.2,0.2,History of pizza Italian cuisine,1.29248023,0.39
1.2,0.5,0.6,0.35,0,0.2,0.2,French cuisine traditional dishes,1.86439395,0.18
1.2,0.5,0.6,0.35,0,0.2,0.2,Endangered species conservation efforts,2.066947699,0.19
1.2,0.5,0.6,0.35,0,0.2,0.2,Greek mythology Western culture,2.215563297,0.21
1.2,0.5,0.6,0.35,0,0.2,0.2,Cold War proxy conflicts,2.845414877,0.36
1.2,0.5,0.6,0.35,0,0.2,0.2,Nelson Mandela apartheid biography,1.600174189,0.21
1.2,0.5,0.6,0.6,0,0.2,0.2,Human Genome Project DNA mapping,1.90391922,0.44
1.2,0.5,0.6,0.6,0,0.2,0.2,Italian pasta varieties and recipes,1.674497843,0.00
1.2,0.5,0.6,0.6,0,0.2,0.2,Street food around the world,3.140239477,0.08
1.2,0.5,0.6,0.6,0,0.2,0.2,Surrealism art Salvador Dalí,2.024545431,0.26
1.2,0.5,0.6,0.6,0,0.2,0.2,Mediterranean diet health benefits,1.672996044,0.16
1.2,0.5,0.6,0.6,0,0.2,0.2,Civil Rights Movement 1960s protests,2.990129232,0.37
1.2,0.5,0.6,0.6,0,0.2,0.2,Manhattan Project atomic bomb,1.441272736,0.26
1.2,0.5,0.6,0.6,0,0.2,0.2,Cheese types and production,1.228789091,0.47
1.2,0.5,0.6,0.6,0,0.2,0.2,Anime history Japan Studio Ghibli,2.372640371,0.14
1.2,0.5,0.6,0.6,0,0.2,0.2,Berlin Wall fall reunification,1.735640287,0.08
1.2,0.5,0.6,0.6,0,0.2,0.2,Sushi origins Japan,1.41754365,0.14
1.2,0.5,0.6,0.6,0,0.2,0.2,World War I causes consequences,4.171634436,0.20
1.2,0.5,0.6,0.6,0,0.2,0.2,Higgs Boson discovery physics,1.5613904,0.28
1.2,0.5,0.6,0.6,0,0.2,0.2,Golden Age of Hollywood films,2.902030706,0.16
1.2,0.5,0.6,0.6,0,0.2,0.2,Byzantine Empire Constantinople history,1.120516777,0.46
1.2,0.5,0.6,0.6,0,0.2,0.2,Turing Machine early computing,1.660555601,0.25
1.2,0.5,0.6,0.6,0,0.2,0.2,Theory of Relativity Einstein,1.064401388,0.27
1.2,0.5,0.6,0.6,0,0.2,0.2,Mobile phone technology evolution,1.502256155,0.13
1.2,0.5,0.6,0.6,0,0.2,0.2,History of chocolate production,0.900506973,0.21
1.2,0.5,0.6,0.6,0,0.2,0.2,Apollo 11 moon landing 1969,2.109924793,0.23
1.2,0.5,0.6,0.6,0,0.2,0.2,Gothic architecture medieval cathedrals,1.480828047,0.63
1.2,0.5,0.6,0.6,0,0.2,0.2,Russian Revolution 1917 Bolsheviks,1.605099916,0.21
1.2,0.5,0.6,0.6,0,0.2,0.2,Academy Awards history Oscars,3.030666351,0.59
1.2,0.5,0.6,0.6,0,0.2,0.2,Fermentation food preservation techniques,1.289685011,0.27
1.2,0.5,0.6,0.6,0,0.2,0.2,History of pizza Italian cuisine,1.237226248,0.441.2,0.5,0.6,0.1,0.0,0.2,0.2,Human Genome Project DNA mapping,2.2214159965515137,0.412
1.2,0.5,0.6,0.1,0.0,0.2,0.2,Italian pasta varieties and recipes,1.6579923629760742,0.088
1.2,0.5,0.6,0.1,0.0,0.2,0.2,Street food around the world,2.9690487384796143,0.0
1.2,0.5,0.6,0.1,0.0,0.2,0.2,Surrealism art Salvador Dalí,1.874406099319458,0.31
1.2,0.5,0.6,0.1,0.0,0.2,0.2,Mediterranean diet health benefits,1.5408363342285156,0.137
1.2,0.5,0.6,0.1,0.0,0.2,0.2,Civil Rights Movement 1960s protests,2.9567151069641113,0.041
1.2,0.5,0.6,0.1,0.0,0.2,0.2,Manhattan Project atomic bomb,1.3492217063903809,0.234
1.2,0.5,0.6,0.1,0.0,0.2,0.2,Cheese types and production,1.2147645950317383,0.378
1.2,0.5,0.6,0.1,0.0,0.2,0.2,Anime history Japan Studio Ghibli,2.3043372631073,0.09
1.2,0.5,0.6,0.1,0.0,0.2,0.2,Berlin Wall fall reunification,1.8042802810668945,0.068
1.2,0.5,0.6,0.1,0.0,0.2,0.2,Sushi origins Japan,1.4568607807159424,0.139
1.2,0.5,0.6,0.1,0.0,0.2,0.2,World War I causes consequences,3.978114366531372,0.0
1.2,0.5,0.6,0.1,0.0,0.2,0.2,Higgs Boson discovery physics,1.2840721607208252,0.317
1.2,0.5,0.6,0.1,0.0,0.2,0.2,Golden Age of Hollywood films,3.1983702182769775,0.041
1.2,0.5,0.6,0.1,0.0,0.2,0.2,Byzantine Empire Constantinople history,1.058495044708252,0.505
1.2,0.5,0.6,0.1,0.0,0.2,0.2,Turing Machine early computing,1.661759853363037,0.204
1.2,0.5,0.6,0.1,0.0,0.2,0.2,Theory of Relativity Einstein,0.9107322692871094,0.366
1.2,0.5,0.6,0.1,0.0,0.2,0.2,Mobile phone technology evolution,1.5606083869934082,0.0
1.2,0.5,0.6,0.1,0.0,0.2,0.2,History of chocolate production,0.9724056720733643,0.208
1.2,0.5,0.6,0.1,0.0,0.2,0.2,Apollo 11 moon landing 1969,1.9471533298492432,0.069
1.2,0.5,0.6,0.1,0.0,0.2,0.2,Gothic architecture medieval cathedrals,1.411255121231079,0.443
1.2,0.5,0.6,0.1,0.0,0.2,0.2,Russian Revolution 1917 Bolsheviks,1.4400193691253662,0.297
1.2,0.5,0.6,0.1,0.0,0.2,0.2,Academy Awards history Oscars,2.917126417160034,0.422
1.2,0.5,0.6,0.1,0.0,0.2,0.2,Fermentation food preservation techniques,1.4249436855316162,0.22
1.2,0.5,0.6,0.1,0.0,0.2,0.2,History of pizza Italian cuisine,1.2046270370483398,0.436
1.2,0.5,0.6,0.1,0.0,0.2,0.2,French cuisine traditional dishes,1.7392985820770264,0.175
1.2,0.5,0.6,0.1,0.0,0.2,0.2,Endangered species conservation efforts,1.8271830081939697,0.268
1.2,0.5,0.6,0.1,0.0,0.2,0.2,Greek mythology Western culture,2.064791679382324,0.068
1.2,0.5,0.6,0.1,0.0,0.2,0.2,Cold War proxy conflicts,2.3095200061798096,0.295
1.2,0.5,0.6,0.1,0.0,0.2,0.2,Nelson Mandela apartheid biography,1.3287408351898193,0.21
1.2,0.5,0.6,0.1,0.0,0.2,0.4,Human Genome Project DNA mapping,1.8437058925628662,0.412
1.2,0.5,0.6,0.1,0.0,0.2,0.4,Italian pasta varieties and recipes,1.6798934936523438,0.088
1.2,0.5,0.6,0.1,0.0,0.2,0.4,Street food around the world,3.2241311073303223,0.0
1.2,0.5,0.6,0.1,0.0,0.2,0.4,Surrealism art Salvador Dalí,2.029338836669922,0.31
1.2,0.5,0.6,0.1,0.0,0.2,0.4,Mediterranean diet health benefits,1.7022247314453125,0.137
1.2,0.5,0.6,0.1,0.0,0.2,0.4,Civil Rights Movement 1960s protests,2.96138858795166,0.041
1.2,0.5,0.6,0.1,0.0,0.2,0.4,Manhattan Project atomic bomb,1.4177823066711426,0.234
1.2,0.5,0.6,0.1,0.0,0.2,0.4,Cheese types and production,1.2673823833465576,0.378
1.2,0.5,0.6,0.1,0.0,0.2,0.4,Anime history Japan Studio Ghibli,2.1651558876037598,0.09
1.2,0.5,0.6,0.1,0.0,0.2,0.4,Berlin Wall fall reunification,1.8548896312713623,0.068
1.2,0.5,0.6,0.1,0.0,0.2,0.4,Sushi origins Japan,1.3077244758605957,0.139
1.2,0.5,0.6,0.1,0.0,0.2,0.4,World War I causes consequences,3.8546934127807617,0.0
1.2,0.5,0.6,0.1,0.0,0.2,0.4,Higgs Boson discovery physics,1.3212273120880127,0.317
1.2,0.5,0.6,0.1,0.0,0.2,0.4,Golden Age of Hollywood films,2.998758316040039,0.041
1.2,0.5,0.6,0.1,0.0,0.2,0.4,Byzantine Empire Constantinople history,1.0070979595184326,0.505
1.2,0.5,0.6,0.1,0.0,0.2,0.4,Turing Machine early computing,1.665714979171753,0.204
1.2,0.5,0.6,0.1,0.0,0.2,0.4,Theory of Relativity Einstein,1.0323262214660645,0.366
1.2,0.5,0.6,0.1,0.0,0.2,0.4,Mobile phone technology evolution,1.5535235404968262,0.0
1.2,0.5,0.6,0.1,0.0,0.2,0.4,History of chocolate production,0.92537522315979,0.208
1.2,0.5,0.6,0.1,0.0,0.2,0.4,Apollo 11 moon landing 1969,1.8127622604370117,0.069
1.2,0.5,0.6,0.1,0.0,0.2,0.4,Gothic architecture medieval cathedrals,1.6004323959350586,0.443
1.2,0.5,0.6,0.1,0.0,0.2,0.4,Russian Revolution 1917 Bolsheviks,1.3795981407165527,0.297
1.2,0.5,0.6,0.1,0.0,0.2,0.4,Academy Awards history Oscars,3.133826971054077,0.422
1.2,0.5,0.6,0.1,0.0,0.2,0.4,Fermentation food preservation techniques,1.1892707347869873,0.22
1.2,0.5,0.6,0.1,0.0,0.2,0.4,History of pizza Italian cuisine,1.2211651802062988,0.436
1.2,0.5,0.6,0.1,0.0,0.2,0.4,French cuisine traditional dishes,1.5568170547485352,0.175
1.2,0.5,0.6,0.1,0.0,0.2,0.4,Endangered species conservation efforts,1.784794807434082,0.268
1.2,0.5,0.6,0.1,0.0,0.2,0.4,Greek mythology Western culture,1.9789276123046875,0.068
1.2,0.5,0.6,0.1,0.0,0.2,0.4,Cold War proxy conflicts,2.3608617782592773,0.295
1.2,0.5,0.6,0.1,0.0,0.2,0.4,Nelson Mandela apartheid biography,1.4005162715911865,0.21
1.2,0.5,0.6,0.1,0.0,0.4,0.2,Human Genome Project DNA mapping,1.7780265808105469,0.412
1.2,0.5,0.6,0.1,0.0,0.4,0.2,Italian pasta varieties and recipes,1.5354461669921875,0.0
1.2,0.5,0.6,0.1,0.0,0.4,0.2,Street food around the world,3.2359182834625244,0.0
1.2,0.5,0.6,0.1,0.0,0.4,0.2,Surrealism art Salvador Dalí,1.9553561210632324,0.283
1.2,0.5,0.6,0.1,0.0,0.4,0.2,Mediterranean diet health benefits,1.59177827835083,0.137
1.2,0.5,0.6,0.1,0.0,0.4,0.2,Civil Rights Movement 1960s protests,2.863828182220459,0.0
1.2,0.5,0.6,0.1,0.0,0.4,0.2,Manhattan Project atomic bomb,1.2786707878112793,0.234
1.2,0.5,0.6,0.1,0.0,0.4,0.2,Cheese types and production,1.2601919174194336,0.276
1.2,0.5,0.6,0.1,0.0,0.4,0.2,Anime history Japan Studio Ghibli,2.2904348373413086,0.043
1.2,0.5,0.6,0.1,0.0,0.4,0.2,Berlin Wall fall reunification,1.7191917896270752,0.0
1.2,0.5,0.6,0.1,0.0,0.4,0.2,Sushi origins Japan,1.3149325847625732,0.103
1.2,0.5,0.6,0.1,0.0,0.4,0.2,World War I causes consequences,3.7184863090515137,0.0
1.2,0.5,0.6,0.1,0.0,0.4,0.2,Higgs Boson discovery physics,1.2645580768585205,0.317
1.2,0.5,0.6,0.1,0.0,0.4,0.2,Golden Age of Hollywood films,3.0840933322906494,0.0
1.2,0.5,0.6,0.1,0.0,0.4,0.2,Byzantine Empire Constantinople history,0.9984054565429688,0.526
1.2,0.5,0.6,0.1,0.0,0.4,0.2,Turing Machine early computing,1.654606819152832,0.204
1.2,0.5,0.6,0.1,0.0,0.4,0.2,Theory of Relativity Einstein,1.046877384185791,0.366
1.2,0.5,0.6,0.1,0.0,0.4,0.2,Mobile phone technology evolution,1.486931324005127,0.0
1.2,0.5,0.6,0.1,0.0,0.4,0.2,History of chocolate production,1.0140044689178467,0.208
1.2,0.5,0.6,0.1,0.0,0.4,0.2,Apollo 11 moon landing 1969,1.7206687927246094,0.041
1.2,0.5,0.6,0.1,0.0,0.4,0.2,Gothic architecture medieval cathedrals,1.4187490940093994,0.397
1.2,0.5,0.6,0.1,0.0,0.4,0.2,Russian Revolution 1917 Bolsheviks,1.4629719257354736,0.297
1.2,0.5,0.6,0.1,0.0,0.4,0.2,Academy Awards history Oscars,3.1118574142456055,0.23
1.2,0.5,0.6,0.1,0.0,0.4,0.2,Fermentation food preservation techniques,1.4331042766571045,0.202
1.2,0.5,0.6,0.1,0.0,0.4,0.2,History of pizza Italian cuisine,1.1716511249542236,0.436
